<?xml version="1.0" encoding="UTF-8"?>
<beans xmlns="http://www.springframework.org/schema/beans"
	xmlns:xsi="http://www.w3.org/2001/XMLSchema-instance"
	xsi:schemaLocation="http://www.springframework.org/schema/beans
						http://www.springframework.org/schema/beans/spring-beans-3.0.xsd">

	<bean
		class="org.springframework.beans.factory.config.PropertyPlaceholderConfigurer">
		<property name="location">
			<value>order.properties</value>
		</property>
	</bean>

	<bean id="reader" class="appl.CsvOrderReader">
		<constructor-arg value="${filename}" />
	</bean>
	<bean id="database" class="appl.DatabaseDummy" />
	<bean id="printer" class="appl.SimpleOrderPrinter" />

	<bean id="gcp" class="appl.GroupChangeProcessorImpl">
		<constructor-arg ref="reader" />
		<constructor-arg ref="database" />
		<constructor-arg ref="printer" />
	</bean>

</beans>

