<?xml version="1.0" encoding="UTF-8"?>
<beans xmlns="http://www.springframework.org/schema/beans"
	xmlns:xsi="http://www.w3.org/2001/XMLSchema-instance"
	xsi:schemaLocation="http://www.springframework.org/schema/beans
						http://www.springframework.org/schema/beans/spring-beans-3.0.xsd">

	<bean id="reader" class="appl.CsvOrderReader">
		<property name="filename" value="src/orders.txt" />
	</bean>
	<bean id="database" class="appl.DatabaseDummy" />
	<bean id="printer" class="appl.SimpleOrderPrinter" />

	<bean id="gcp" class="appl.GroupChangeProcessorImpl">
		<property name="reader" ref="reader" />
		<property name="database" ref="database" />
		<property name="printer" ref="printer" />
	</bean>

</beans>

