<?xml version="1.0" encoding="UTF-8"?>
<beans xmlns="http://www.springframework.org/schema/beans"
	xmlns:xsi="http://www.w3.org/2001/XMLSchema-instance"
	xsi:schemaLocation="http://www.springframework.org/schema/beans
						http://www.springframework.org/schema/beans/spring-beans-3.0.xsd">

	<bean id="reader" class="appl.CsvOrderReader">
		<constructor-arg value="src/orders.txt" />
	</bean>
	<!--  
	<bean id="reader" class="appl.SimpleOrderReader">
		<constructor-arg>
			<list>
				<bean class="appl.Order">
					<constructor-arg value="1000"/>
					<constructor-arg value="100"/>
					<constructor-arg value="10"/>
				</bean>
				<bean class="appl.Order">
					<constructor-arg value="1000"/>
					<constructor-arg value="200"/>
					<constructor-arg value="20"/>
				</bean>
			</list>
		</constructor-arg>
	</bean>
	
	-->
	
	<bean id="database" class="appl.DatabaseDummy" />
	<bean id="printer" class="appl.SimpleOrderPrinter" />

	<bean id="gcp" class="appl.GroupChangeProcessorImpl">
		<constructor-arg ref="reader" />
		<constructor-arg ref="database" />
		<constructor-arg ref="printer" />
	</bean>

</beans>

