<?xml version="1.0" encoding="UTF-8"?>
<beans xmlns="http://www.springframework.org/schema/beans"
	xmlns:xsi="http://www.w3.org/2001/XMLSchema-instance"
	xsi:schemaLocation="http://www.springframework.org/schema/beans
						http://www.springframework.org/schema/beans/spring-beans-3.0.xsd">

	<bean
		class="org.springframework.beans.factory.config.PropertyPlaceholderConfigurer">
		<property name="location">
			<value>order.properties</value>
		</property>
	</bean>


	<bean id="gcp" class="appl.GroupChangeProcessorImpl">

		<constructor-arg>
			<bean class="appl.CsvOrderReader">
				<constructor-arg value="${filename}" />
			</bean>
		</constructor-arg>

		<constructor-arg>
			<bean class="appl.DatabaseDummy" />
		</constructor-arg>

		<constructor-arg>
			<bean class="appl.SimpleOrderPrinter" />
		</constructor-arg>

	</bean>

</beans>

